DATE,CPIAUCSL_NBD19470101,PPIACO_NBD19470101
1913-01-01,.,49.38776
1913-02-01,.,48.97959
1913-03-01,.,48.97959
1913-04-01,.,48.97959
1913-05-01,.,48.57143
1913-06-01,.,48.57143
1913-07-01,.,48.97959
1913-08-01,.,48.97959
1913-09-01,.,49.79592
1913-10-01,.,49.79592
1913-11-01,.,49.38776
1913-12-01,.,48.57143
1914-01-01,.,48.16327
1914-02-01,.,48.16327
1914-03-01,.,47.75510
1914-04-01,.,47.75510
1914-05-01,.,47.34694
1914-06-01,.,47.34694
1914-07-01,.,47.34694
1914-08-01,.,48.97959
1914-09-01,.,49.38776
1914-10-01,.,47.75510
1914-11-01,.,47.75510
1914-12-01,.,47.34694
1915-01-01,.,48.16327
1915-02-01,.,48.16327
1915-03-01,.,48.16327
1915-04-01,.,48.16327
1915-05-01,.,48.57143
1915-06-01,.,48.16327
1915-07-01,.,48.57143
1915-08-01,.,48.16327
1915-09-01,.,48.16327
1915-10-01,.,49.38776
1915-11-01,.,50.20408
1915-12-01,.,52.24490
1916-01-01,.,54.28571
1916-02-01,.,55.10204
1916-03-01,.,56.73469
1916-04-01,.,57.55102
1916-05-01,.,57.95918
1916-06-01,.,58.36735
1916-07-01,.,58.77551
1916-08-01,.,60.00000
1916-09-01,.,61.22449
1916-10-01,.,64.08163
1916-11-01,.,68.57143
1916-12-01,.,69.79592
1917-01-01,.,71.83673
1917-02-01,.,73.46939
1917-03-01,.,75.51020
1917-04-01,.,80.40816
1917-05-01,.,84.89796
1917-06-01,.,85.71429
1917-07-01,.,86.53061
1917-08-01,.,87.75510
1917-09-01,.,86.93878
1917-10-01,.,86.12245
1917-11-01,.,86.53061
1917-12-01,.,86.53061
1918-01-01,.,88.16327
1918-02-01,.,86.12245
1918-03-01,.,88.97959
1918-04-01,.,90.20408
1918-05-01,.,90.20408
1918-06-01,.,90.61224
1918-07-01,.,92.65306
1918-08-01,.,94.69388
1918-09-01,.,96.73469
1918-10-01,.,95.91837
1918-11-01,.,95.91837
1918-12-01,.,95.91837
1919-01-01,.,94.69388
1919-02-01,.,91.42857
1919-03-01,.,92.24490
1919-04-01,.,93.46939
1919-05-01,.,95.10204
1919-06-01,.,95.51020
1919-07-01,.,99.18367
1919-08-01,.,101.63265
1919-09-01,.,99.18367
1919-10-01,.,99.59184
1919-11-01,.,101.63265
1919-12-01,.,106.12245
1920-01-01,.,111.02041
1920-02-01,.,110.61224
1920-03-01,.,111.42857
1920-04-01,.,116.32653
1920-05-01,.,117.55102
1920-06-01,.,117.14286
1920-07-01,.,116.73469
1920-08-01,.,113.46939
1920-09-01,.,109.38776
1920-10-01,.,101.63265
1920-11-01,.,93.87755
1920-12-01,.,84.89796
1921-01-01,.,80.00000
1921-02-01,.,73.87755
1921-03-01,.,72.24490
1921-04-01,.,69.38776
1921-05-01,.,67.75510
1921-06-01,.,65.71429
1921-07-01,.,65.71429
1921-08-01,.,65.71429
1921-09-01,.,65.71429
1921-10-01,.,66.12245
1921-11-01,.,66.12245
1921-12-01,.,65.30612
1922-01-01,.,64.08163
1922-02-01,.,65.30612
1922-03-01,.,65.30612
1922-04-01,.,65.71429
1922-05-01,.,67.75510
1922-06-01,.,67.75510
1922-07-01,.,69.79592
1922-08-01,.,69.38776
1922-09-01,.,69.79592
1922-10-01,.,70.20408
1922-11-01,.,70.61224
1922-12-01,.,70.61224
1923-01-01,.,71.83673
1923-02-01,.,72.65306
1923-03-01,.,73.46939
1923-04-01,.,73.06122
1923-05-01,.,71.42857
1923-06-01,.,70.61224
1923-07-01,.,69.38776
1923-08-01,.,68.97959
1923-09-01,.,70.20408
1923-10-01,.,69.79592
1923-11-01,.,69.38776
1923-12-01,.,68.97959
1924-01-01,.,70.20408
1924-02-01,.,70.20408
1924-03-01,.,69.38776
1924-04-01,.,68.16327
1924-05-01,.,67.34694
1924-06-01,.,66.93878
1924-07-01,.,67.34694
1924-08-01,.,68.16327
1924-09-01,.,68.16327
1924-10-01,.,68.97959
1924-11-01,.,69.79592
1924-12-01,.,71.42857
1925-01-01,.,72.24490
1925-02-01,.,73.06122
1925-03-01,.,73.06122
1925-04-01,.,71.42857
1925-05-01,.,71.42857
1925-06-01,.,72.24490
1925-07-01,.,73.46939
1925-08-01,.,73.06122
1925-09-01,.,72.65306
1925-10-01,.,72.65306
1925-11-01,.,73.46939
1925-12-01,.,72.65306
1926-01-01,.,72.65306
1926-02-01,.,71.83673
1926-03-01,.,70.61224
1926-04-01,.,70.61224
1926-05-01,.,70.61224
1926-06-01,.,70.61224
1926-07-01,.,69.79592
1926-08-01,.,69.79592
1926-09-01,.,70.20408
1926-10-01,.,69.79592
1926-11-01,.,69.38776
1926-12-01,.,68.97959
1927-01-01,.,66.93878
1927-02-01,.,67.75510
1927-03-01,.,67.34694
1927-04-01,.,66.53061
1927-05-01,.,66.12245
1927-06-01,.,66.12245
1927-07-01,.,66.12245
1927-08-01,.,66.93878
1927-09-01,.,67.75510
1927-10-01,.,68.16327
1927-11-01,.,67.75510
1927-12-01,.,67.75510
1928-01-01,.,67.75510
1928-02-01,.,67.34694
1928-03-01,.,67.34694
1928-04-01,.,68.16327
1928-05-01,.,68.57143
1928-06-01,.,68.16327
1928-07-01,.,68.57143
1928-08-01,.,68.57143
1928-09-01,.,69.38776
1928-10-01,.,68.16327
1928-11-01,.,67.34694
1928-12-01,.,67.34694
1929-01-01,.,67.34694
1929-02-01,.,66.93878
1929-03-01,.,67.75510
1929-04-01,.,67.34694
1929-05-01,.,66.53061
1929-06-01,.,66.93878
1929-07-01,.,67.75510
1929-08-01,.,67.75510
1929-09-01,.,67.75510
1929-10-01,.,66.93878
1929-11-01,.,65.71429
1929-12-01,.,65.71429
1930-01-01,.,64.89796
1930-02-01,.,64.08163
1930-03-01,.,63.26531
1930-04-01,.,63.26531
1930-05-01,.,62.44898
1930-06-01,.,61.22449
1930-07-01,.,59.18367
1930-08-01,.,59.18367
1930-09-01,.,59.18367
1930-10-01,.,58.36735
1930-11-01,.,57.14286
1930-12-01,.,55.91837
1931-01-01,.,55.10204
1931-02-01,.,53.87755
1931-03-01,.,53.46939
1931-04-01,.,52.65306
1931-05-01,.,51.42857
1931-06-01,.,50.61224
1931-07-01,.,50.61224
1931-08-01,.,50.61224
1931-09-01,.,50.20408
1931-10-01,.,49.38776
1931-11-01,.,49.38776
1931-12-01,.,48.16327
1932-01-01,.,47.34694
1932-02-01,.,46.53061
1932-03-01,.,46.53061
1932-04-01,.,46.12245
1932-05-01,.,45.30612
1932-06-01,.,44.89796
1932-07-01,.,45.30612
1932-08-01,.,45.71429
1932-09-01,.,46.12245
1932-10-01,.,45.30612
1932-11-01,.,44.89796
1932-12-01,.,44.08163
1933-01-01,.,42.85714
1933-02-01,.,42.04082
1933-03-01,.,42.44898
1933-04-01,.,42.44898
1933-05-01,.,44.08163
1933-06-01,.,45.71429
1933-07-01,.,48.57143
1933-08-01,.,48.97959
1933-09-01,.,49.79592
1933-10-01,.,50.20408
1933-11-01,.,50.20408
1933-12-01,.,49.79592
1934-01-01,.,50.61224
1934-02-01,.,51.83673
1934-03-01,.,51.83673
1934-04-01,.,51.83673
1934-05-01,.,51.83673
1934-06-01,.,52.65306
1934-07-01,.,52.65306
1934-08-01,.,53.87755
1934-09-01,.,54.69388
1934-10-01,.,53.87755
1934-11-01,.,53.87755
1934-12-01,.,54.28571
1935-01-01,.,55.51020
1935-02-01,.,55.91837
1935-03-01,.,55.91837
1935-04-01,.,56.32653
1935-05-01,.,56.32653
1935-06-01,.,56.32653
1935-07-01,.,55.91837
1935-08-01,.,56.73469
1935-09-01,.,56.73469
1935-10-01,.,56.73469
1935-11-01,.,56.73469
1935-12-01,.,57.14286
1936-01-01,.,56.73469
1936-02-01,.,56.73469
1936-03-01,.,55.91837
1936-04-01,.,55.91837
1936-05-01,.,55.10204
1936-06-01,.,55.91837
1936-07-01,.,56.73469
1936-08-01,.,57.14286
1936-09-01,.,57.14286
1936-10-01,.,57.14286
1936-11-01,.,57.95918
1936-12-01,.,59.18367
1937-01-01,.,60.40816
1937-02-01,.,60.81633
1937-03-01,.,61.63265
1937-04-01,.,62.04082
1937-05-01,.,61.63265
1937-06-01,.,61.22449
1937-07-01,.,62.04082
1937-08-01,.,61.63265
1937-09-01,.,61.63265
1937-10-01,.,60.00000
1937-11-01,.,58.77551
1937-12-01,.,57.55102
1938-01-01,.,57.14286
1938-02-01,.,56.32653
1938-03-01,.,55.91837
1938-04-01,.,55.10204
1938-05-01,.,55.10204
1938-06-01,.,55.10204
1938-07-01,.,55.51020
1938-08-01,.,54.69388
1938-09-01,.,55.10204
1938-10-01,.,54.69388
1938-11-01,.,54.69388
1938-12-01,.,54.28571
1939-01-01,.,54.28571
1939-02-01,.,54.28571
1939-03-01,.,53.87755
1939-04-01,.,53.46939
1939-05-01,.,53.46939
1939-06-01,.,53.06122
1939-07-01,.,53.06122
1939-08-01,.,52.65306
1939-09-01,.,55.51020
1939-10-01,.,55.91837
1939-11-01,.,55.51020
1939-12-01,.,55.91837
1940-01-01,.,55.91837
1940-02-01,.,55.51020
1940-03-01,.,55.10204
1940-04-01,.,55.10204
1940-05-01,.,55.10204
1940-06-01,.,54.69388
1940-07-01,.,54.69388
1940-08-01,.,54.69388
1940-09-01,.,54.69388
1940-10-01,.,55.51020
1940-11-01,.,55.91837
1940-12-01,.,56.32653
1941-01-01,.,56.73469
1941-02-01,.,56.73469
1941-03-01,.,57.14286
1941-04-01,.,58.77551
1941-05-01,.,59.59184
1941-06-01,.,61.22449
1941-07-01,.,62.44898
1941-08-01,.,63.67347
1941-09-01,.,64.48980
1941-10-01,.,64.89796
1941-11-01,.,64.89796
1941-12-01,.,66.12245
1942-01-01,.,67.34694
1942-02-01,.,68.16327
1942-03-01,.,68.57143
1942-04-01,.,69.38776
1942-05-01,.,69.38776
1942-06-01,.,69.38776
1942-07-01,.,69.38776
1942-08-01,.,69.79592
1942-09-01,.,70.20408
1942-10-01,.,70.20408
1942-11-01,.,70.61224
1942-12-01,.,71.02041
1943-01-01,.,71.42857
1943-02-01,.,72.24490
1943-03-01,.,72.65306
1943-04-01,.,73.06122
1943-05-01,.,73.06122
1943-06-01,.,73.06122
1943-07-01,.,72.65306
1943-08-01,.,72.65306
1943-09-01,.,72.65306
1943-10-01,.,72.65306
1943-11-01,.,72.24490
1943-12-01,.,72.65306
1944-01-01,.,72.65306
1944-02-01,.,72.65306
1944-03-01,.,73.06122
1944-04-01,.,73.06122
1944-05-01,.,73.06122
1944-06-01,.,73.46939
1944-07-01,.,73.06122
1944-08-01,.,73.06122
1944-09-01,.,73.06122
1944-10-01,.,73.06122
1944-11-01,.,73.46939
1944-12-01,.,73.46939
1945-01-01,.,73.87755
1945-02-01,.,73.87755
1945-03-01,.,73.87755
1945-04-01,.,74.28571
1945-05-01,.,74.69388
1945-06-01,.,74.69388
1945-07-01,.,74.69388
1945-08-01,.,74.28571
1945-09-01,.,73.87755
1945-10-01,.,74.28571
1945-11-01,.,75.10204
1945-12-01,.,75.10204
1946-01-01,.,75.10204
1946-02-01,.,75.51020
1946-03-01,.,76.73469
1946-04-01,.,77.55102
1946-05-01,.,77.95918
1946-06-01,.,79.18367
1946-07-01,.,87.75510
1946-08-01,.,90.61224
1946-09-01,.,87.34694
1946-10-01,.,94.28571
1946-11-01,.,98.36735
1946-12-01,.,99.18367
1947-01-01,100.00000,100.00000
1947-02-01,100.65177,100.81633
1947-03-01,102.42086,103.26531
1947-04-01,102.42086,102.44898
1947-05-01,102.18808,102.04082
1947-06-01,102.79330,102.04082
1947-07-01,103.49162,103.26531
1947-08-01,104.28305,104.48980
1947-09-01,106.33147,106.53061
1947-10-01,106.65736,107.75510
1947-11-01,107.35568,108.97959
1947-12-01,108.98510,111.02041
1948-01-01,110.24209,113.06122
1948-02-01,110.19553,111.02041
1948-03-01,109.40410,111.02041
1948-04-01,110.89385,111.83673
1948-05-01,111.77840,112.24490
1948-06-01,112.43017,113.06122
1948-07-01,113.59404,114.28571
1948-08-01,113.73371,115.10204
1948-09-01,113.40782,114.69388
1948-10-01,113.17505,113.46939
1948-11-01,112.47672,113.46939
1948-12-01,111.96462,112.65306
1949-01-01,111.77840,111.42857
1949-02-01,111.31285,109.38776
1949-03-01,111.31285,109.38776
1949-04-01,111.35940,108.16327
1949-05-01,111.31285,107.34694
1949-06-01,111.35940,106.12245
1949-07-01,110.33520,106.12245
1949-08-01,110.33520,106.12245
1949-09-01,110.56797,106.53061
1949-10-01,110.19553,106.12245
1949-11-01,110.33520,106.12245
1949-12-01,109.91620,105.71429
1950-01-01,109.45065,105.71429
1950-02-01,109.91620,106.53061
1950-03-01,110.05587,106.53061
1950-04-01,110.10242,106.53061
1950-05-01,110.66108,107.75510
1950-06-01,111.17318,108.57143
1950-07-01,112.05773,111.42857
1950-08-01,112.66294,113.87755
1950-09-01,113.31471,115.91837
1950-10-01,114.05959,116.73469
1950-11-01,114.52514,118.36735
1950-12-01,116.29423,121.22449
1951-01-01,118.15642,124.48980
1951-02-01,120.25140,126.12245
1951-03-01,120.48417,126.12245
1951-04-01,120.67039,125.71429
1951-05-01,120.99628,125.30612
1951-06-01,120.71695,124.48980
1951-07-01,120.62384,123.67347
1951-08-01,120.39106,122.85714
1951-09-01,121.18250,122.85714
1951-10-01,121.78771,122.85714
1951-11-01,122.53259,122.85714
1951-12-01,123.23091,122.85714
1952-01-01,123.13780,122.44898
1952-02-01,122.95158,121.63265
1952-03-01,122.85847,121.63265
1952-04-01,123.18436,120.81633
1952-05-01,123.23091,120.81633
1952-06-01,123.51024,120.40816
1952-07-01,124.20857,120.81633
1952-08-01,124.25512,121.63265
1952-09-01,123.97579,120.81633
1952-10-01,124.25512,120.40816
1952-11-01,124.25512,119.59184
1952-12-01,124.34823,118.77551
1953-01-01,124.02235,118.77551
1953-02-01,123.78957,118.77551
1953-03-01,123.97579,119.18367
1953-04-01,124.25512,118.36735
1953-05-01,124.30168,118.77551
1953-06-01,124.62756,118.36735
1953-07-01,124.72067,120.00000
1953-08-01,125.00000,119.59184
1953-09-01,125.18622,120.00000
1953-10-01,125.46555,119.18367
1953-11-01,125.00000,118.77551
1953-12-01,125.09311,119.18367
1954-01-01,125.41899,120.00000
1954-02-01,125.65177,119.59184
1954-03-01,125.37244,119.59184
1954-04-01,125.04655,120.00000
1954-05-01,125.37244,120.00000
1954-06-01,125.41899,119.18367
1954-07-01,125.04655,119.59184
1954-08-01,125.00000,119.59184
1954-09-01,124.81378,119.18367
1954-10-01,124.39479,118.77551
1954-11-01,124.67412,119.18367
1954-12-01,124.62756,118.36735
1955-01-01,124.62756,119.18367
1955-02-01,124.86034,119.59184
1955-03-01,124.72067,119.18367
1955-04-01,124.72067,119.59184
1955-05-01,124.62756,118.77551
1955-06-01,124.34823,119.59184
1955-07-01,124.58101,119.59184
1955-08-01,124.39479,120.00000
1955-09-01,125.00000,120.81633
1955-10-01,124.86034,120.81633
1955-11-01,125.13966,120.40816
1955-12-01,125.09311,120.40816
1956-01-01,124.90689,121.22449
1956-02-01,125.04655,121.63265
1956-03-01,125.18622,122.04082
1956-04-01,125.37244,122.85714
1956-05-01,125.83799,123.67347
1956-06-01,126.39665,123.67347
1956-07-01,127.04842,123.26531
1956-08-01,127.14153,124.08163
1956-09-01,127.32775,124.89796
1956-10-01,128.07263,124.89796
1956-11-01,128.07263,125.30612
1956-12-01,128.63128,125.71429
1957-01-01,128.81750,126.53061
1957-02-01,129.42272,126.53061
1957-03-01,129.70205,126.53061
1957-04-01,130.02793,126.93878
1957-05-01,130.35382,126.53061
1957-06-01,130.86592,126.93878
1957-07-01,131.23836,127.75510
1957-08-01,131.65736,128.16327
1957-09-01,131.84358,127.75510
1957-10-01,131.84358,127.34694
1957-11-01,132.26257,127.75510
1957-12-01,132.54190,128.16327
1958-01-01,133.33333,128.57143
1958-02-01,133.61266,128.57143
1958-03-01,134.40410,129.38776
1958-04-01,134.72998,128.97959
1958-05-01,134.72998,129.38776
1958-06-01,134.59032,128.97959
1958-07-01,134.49721,128.97959
1958-08-01,134.72998,128.97959
1958-09-01,134.59032,128.97959
1958-10-01,134.59032,128.57143
1958-11-01,134.77654,128.97959
1958-12-01,134.86965,128.97959
1959-01-01,135.05587,129.38776
1959-02-01,135.00931,129.38776
1959-03-01,134.86965,129.38776
1959-04-01,134.91620,129.79592
1959-05-01,135.19553,129.79592
1959-06-01,135.52142,129.38776
1959-07-01,135.70764,129.38776
1959-08-01,135.84730,128.97959
1959-09-01,136.17318,129.38776
1959-10-01,136.63873,128.97959
1959-11-01,136.63873,128.57143
1959-12-01,136.91806,128.57143
1960-01-01,136.73184,128.97959
1960-02-01,136.91806,128.97959
1960-03-01,136.91806,129.79592
1960-04-01,137.52328,129.79592
1960-05-01,137.66294,129.38776
1960-06-01,137.84916,129.38776
1960-07-01,137.56983,129.38776
1960-08-01,137.84916,128.97959
1960-09-01,137.84916,128.97959
1960-10-01,138.50093,129.38776
1960-11-01,138.64060,129.38776
1960-12-01,138.78026,129.38776
1961-01-01,138.91993,129.79592
1961-02-01,138.91993,129.79592
1961-03-01,138.91993,129.79592
1961-04-01,138.78026,128.97959
1961-05-01,138.91993,128.57143
1961-06-01,138.91993,127.75510
1961-07-01,139.29236,128.57143
1961-08-01,139.38547,128.57143
1961-09-01,139.57169,128.57143
1961-10-01,139.57169,128.57143
1961-11-01,139.57169,128.57143
1961-12-01,139.71136,128.97959
1962-01-01,139.85102,129.38776
1962-02-01,140.17691,129.38776
1962-03-01,140.45624,129.38776
1962-04-01,140.64246,128.97959
1962-05-01,140.78212,128.57143
1962-06-01,140.64246,128.57143
1962-07-01,140.68901,128.97959
1962-08-01,140.96834,128.97959
1962-09-01,141.62011,130.20408
1962-10-01,141.43389,129.38776
1962-11-01,141.43389,129.38776
1962-12-01,141.43389,128.97959
1963-01-01,141.71322,128.97959
1963-02-01,141.89944,128.57143
1963-03-01,142.03911,128.57143
1963-04-01,141.89944,128.16327
1963-05-01,142.03911,128.57143
1963-06-01,142.50466,128.97959
1963-07-01,142.87709,129.38776
1963-08-01,143.15642,128.97959
1963-09-01,143.01676,128.97959
1963-10-01,143.15642,128.97959
1963-11-01,143.29609,129.38776
1963-12-01,143.76164,128.97959
1964-01-01,144.04097,129.79592
1964-02-01,143.90130,128.97959
1964-03-01,144.04097,128.97959
1964-04-01,144.08752,128.97959
1964-05-01,144.22719,128.57143
1964-06-01,144.36685,128.57143
1964-07-01,144.41341,128.97959
1964-08-01,144.55307,128.97959
1964-09-01,144.69274,129.38776
1964-10-01,144.87896,129.38776
1964-11-01,145.29795,129.38776
1964-12-01,145.48417,129.38776
1965-01-01,145.62384,129.79592
1965-02-01,145.62384,130.20408
1965-03-01,145.76350,130.20408
1965-04-01,146.08939,130.61224
1965-05-01,146.55493,131.02041
1965-06-01,147.16015,132.24490
1965-07-01,147.02048,132.24490
1965-08-01,146.88082,132.24490
1965-09-01,147.20670,132.24490
1965-10-01,147.34637,132.65306
1965-11-01,147.81192,133.06122
1965-12-01,148.27747,133.87755
1966-01-01,148.41713,134.28571
1966-02-01,149.34823,135.51020
1966-03-01,149.81378,135.51020
1966-04-01,150.27933,135.51020
1966-05-01,150.60521,135.51020
1966-06-01,150.74488,135.91837
1966-07-01,151.07076,136.73469
1966-08-01,152.00186,137.14286
1966-09-01,152.46741,137.14286
1966-10-01,152.93296,136.32653
1966-11-01,153.07263,135.91837
1966-12-01,153.25885,135.91837
1967-01-01,153.16574,136.32653
1967-02-01,153.63128,136.32653
1967-03-01,153.63128,135.91837
1967-04-01,154.09683,135.10204
1967-05-01,154.09683,135.91837
1967-06-01,155.02793,136.73469
1967-07-01,155.49348,136.73469
1967-08-01,155.95903,136.32653
1967-09-01,156.42458,136.32653
1967-10-01,156.89013,136.32653
1967-11-01,157.82123,136.32653
1967-12-01,158.28678,137.55102
1968-01-01,158.75233,137.95918
1968-02-01,159.21788,138.77551
1968-03-01,159.68343,139.18367
1968-04-01,160.14898,139.18367
1968-05-01,160.61453,139.59184
1968-06-01,161.54562,139.59184
1968-07-01,162.47672,140.00000
1968-08-01,162.94227,139.59184
1968-09-01,163.40782,140.40816
1968-10-01,164.33892,140.40816
1968-11-01,164.80447,140.81633
1968-12-01,165.73557,141.22449
1969-01-01,166.20112,142.04082
1969-02-01,166.66667,142.85714
1969-03-01,168.06331,143.67347
1969-04-01,168.99441,144.08163
1969-05-01,169.45996,144.89796
1969-06-01,170.39106,145.71429
1969-07-01,171.32216,146.12245
1969-08-01,171.78771,145.71429
1969-09-01,172.71881,146.12245
1969-10-01,173.64991,146.53061
1969-11-01,174.58101,147.34694
1969-12-01,175.51210,148.16327
1970-01-01,176.44320,148.97959
1970-02-01,177.37430,149.79592
1970-03-01,178.30540,149.79592
1970-04-01,179.23650,150.20408
1970-05-01,179.70205,150.20408
1970-06-01,180.63315,150.61224
1970-07-01,181.09870,151.42857
1970-08-01,181.56425,150.61224
1970-09-01,182.49534,151.42857
1970-10-01,183.42644,151.42857
1970-11-01,184.35754,151.42857
1970-12-01,185.28864,151.42857
1971-01-01,185.75419,152.24490
1971-02-01,185.75419,153.87755
1971-03-01,186.21974,154.28571
1971-04-01,186.68529,154.69388
1971-05-01,187.61639,155.51020
1971-06-01,188.54749,155.91837
1971-07-01,189.01304,156.32653
1971-08-01,189.47858,157.14286
1971-09-01,189.94413,156.32653
1971-10-01,190.40968,156.32653
1971-11-01,190.87523,156.32653
1971-12-01,191.34078,157.55102
1972-01-01,191.80633,158.36735
1972-02-01,192.73743,160.00000
1972-03-01,192.73743,160.00000
1972-04-01,193.20298,160.40816
1972-05-01,193.66853,161.22449
1972-06-01,194.13408,162.04082
1972-07-01,194.59963,163.26531
1972-08-01,195.06518,163.67347
1972-09-01,195.99628,164.08163
1972-10-01,196.46182,163.67347
1972-11-01,197.39292,164.48980
1972-12-01,197.85847,167.75510
1973-01-01,198.78957,169.79592
1973-02-01,200.18622,173.06122
1973-03-01,202.04842,177.14286
1973-04-01,203.44507,177.95918
1973-05-01,204.37616,181.63265
1973-06-01,205.77281,185.71429
1973-07-01,205.77281,183.26531
1973-08-01,209.49721,193.87755
1973-09-01,210.42831,190.61224
1973-10-01,212.29050,188.97959
1973-11-01,213.68715,189.79592
1973-12-01,215.54935,193.46939
1974-01-01,217.87709,200.00000
1974-02-01,220.20484,204.08163
1974-03-01,222.53259,206.53061
1974-04-01,223.92924,208.16327
1974-05-01,226.25698,211.42857
1974-06-01,228.11918,212.24490
1974-07-01,229.51583,220.40816
1974-08-01,232.30912,228.16327
1974-09-01,235.56797,228.16327
1974-10-01,237.43017,232.24490
1974-11-01,239.75791,234.28571
1974-12-01,241.62011,233.87755
1975-01-01,243.48231,234.28571
1975-02-01,244.87896,233.46939
1975-03-01,245.81006,232.24490
1975-04-01,246.74115,234.69388
1975-05-01,247.20670,236.32653
1975-06-01,249.06890,236.73469
1975-07-01,251.39665,239.59184
1975-08-01,252.32775,240.81633
1975-09-01,254.18994,242.44898
1975-10-01,255.58659,244.08163
1975-11-01,257.44879,242.85714
1975-12-01,258.84544,243.67347
1976-01-01,259.77654,244.48980
1976-02-01,260.24209,244.48980
1976-03-01,260.70764,244.89796
1976-04-01,261.17318,247.34694
1976-05-01,262.56983,248.16327
1976-06-01,263.96648,249.79592
1976-07-01,265.36313,251.42857
1976-08-01,266.75978,250.61224
1976-09-01,268.15642,252.24490
1976-10-01,269.55307,252.65306
1976-11-01,270.48417,253.06122
1976-12-01,271.88082,255.10204
1977-01-01,273.27747,256.32653
1977-02-01,276.07076,259.18367
1977-03-01,277.46741,261.63265
1977-04-01,279.32961,264.89796
1977-05-01,280.26071,266.12245
1977-06-01,281.65736,265.30612
1977-07-01,283.05400,265.71429
1977-08-01,284.45065,265.30612
1977-09-01,285.38175,266.53061
1977-10-01,286.77840,267.75510
1977-11-01,288.64060,268.57143
1977-12-01,290.03724,270.20408
1978-01-01,291.89944,272.65306
1978-02-01,293.29609,275.51020
1978-03-01,295.15829,277.95918
1978-04-01,297.48603,281.63265
1978-05-01,300.27933,283.67347
1978-06-01,302.60708,285.71429
1978-07-01,304.93482,287.34694
1978-08-01,306.79702,287.34694
1978-09-01,309.59032,289.79592
1978-10-01,312.38361,293.06122
1978-11-01,314.24581,294.28571
1978-12-01,316.10801,296.73469
1979-01-01,318.90130,301.22449
1979-02-01,322.16015,305.71429
1979-03-01,325.41899,309.38776
1979-04-01,328.67784,313.87755
1979-05-01,332.40223,316.32653
1979-06-01,336.12663,318.36735
1979-07-01,339.85102,323.26531
1979-08-01,343.10987,324.89796
1979-09-01,346.36872,330.20408
1979-10-01,350.09311,335.10204
1979-11-01,353.81750,337.14286
1979-12-01,358.00745,340.40816
1980-01-01,363.12849,347.75510
1980-02-01,367.78399,354.69388
1980-03-01,372.90503,357.14286
1980-04-01,376.62942,358.36735
1980-05-01,380.35382,360.40816
1980-06-01,384.07821,362.04082
1980-07-01,384.54376,368.57143
1980-08-01,387.33706,373.46939
1980-09-01,390.59590,374.28571
1980-10-01,394.32030,378.77551
1980-11-01,398.51024,380.40816
1980-12-01,402.23464,382.85714
1981-01-01,405.95903,388.57143
1981-02-01,409.68343,392.24490
1981-03-01,412.47672,395.91837
1981-04-01,414.80447,400.00000
1981-05-01,417.59777,401.22449
1981-06-01,421.32216,402.04082
1981-07-01,425.97765,404.08163
1981-08-01,429.23650,404.08163
1981-09-01,433.42644,403.26531
1981-10-01,434.82309,403.67347
1981-11-01,436.68529,403.26531
1981-12-01,438.08194,403.26531
1982-01-01,439.47858,406.93878
1982-02-01,440.87523,407.34694
1982-03-01,440.87523,406.53061
1982-04-01,442.27188,406.53061
1982-05-01,446.46182,407.34694
1982-06-01,451.58287,408.16327
1982-07-01,453.91061,409.79592
1982-08-01,454.84171,409.38776
1982-09-01,454.84171,408.16327
1982-10-01,456.70391,408.97959
1982-11-01,456.23836,409.38776
1982-12-01,454.84171,410.20408
1983-01-01,455.77281,408.97959
1983-02-01,456.23836,410.20408
1983-03-01,456.70391,409.79592
1983-04-01,459.96276,409.79592
1983-05-01,461.82495,411.42857
1983-06-01,462.75605,412.24490
1983-07-01,464.61825,413.46939
1983-08-01,466.01490,415.51020
1983-09-01,467.41155,416.32653
1983-10-01,469.27374,417.14286
1983-11-01,470.67039,416.73469
1983-12-01,472.06704,417.55102
1984-01-01,475.32588,420.00000
1984-02-01,477.65363,421.22449
1984-03-01,479.05028,424.08163
1984-04-01,480.91248,424.48980
1984-05-01,481.84358,424.89796
1984-06-01,482.77467,424.48980
1984-07-01,484.63687,425.30612
1984-08-01,486.03352,423.67347
1984-09-01,487.43017,422.04082
1984-10-01,489.29236,422.04082
1984-11-01,490.22346,423.26531
1984-12-01,491.15456,422.44898
1985-01-01,492.08566,422.04082
1985-02-01,494.87896,421.63265
1985-03-01,497.20670,420.81633
1985-04-01,498.13780,421.63265
1985-05-01,499.06890,422.44898
1985-06-01,500.46555,421.63265
1985-07-01,501.39665,421.22449
1985-08-01,502.32775,419.18367
1985-09-01,503.25885,416.73469
1985-10-01,505.12104,420.00000
1985-11-01,507.44879,422.04082
1985-12-01,509.77654,422.85714
1986-01-01,511.63873,421.22449
1986-02-01,510.70764,415.10204
1986-03-01,507.91434,409.38776
1986-04-01,506.05214,406.53061
1986-05-01,507.44879,408.16327
1986-06-01,509.31099,407.75510
1986-07-01,509.77654,405.71429
1986-08-01,510.24209,405.30612
1986-09-01,512.10428,405.71429
1986-10-01,513.03538,406.93878
1986-11-01,513.96648,407.34694
1986-12-01,515.82868,406.93878
1987-01-01,518.62197,410.20408
1987-02-01,520.48417,412.24490
1987-03-01,522.34637,413.06122
1987-04-01,524.67412,415.91837
1987-05-01,526.07076,418.77551
1987-06-01,528.39851,420.40816
1987-07-01,529.79516,422.44898
1987-08-01,532.12291,423.67347
1987-09-01,533.98510,423.26531
1987-10-01,535.38175,424.89796
1987-11-01,537.24395,425.30612
1987-12-01,538.17505,425.30612
1988-01-01,540.03724,426.93878
1988-02-01,540.96834,427.75510
1988-03-01,542.36499,428.16327
1988-04-01,545.62384,431.83673
1988-05-01,547.02048,434.69388
1988-06-01,549.34823,437.55102
1988-07-01,551.67598,440.40816
1988-08-01,554.00372,440.81633
1988-09-01,556.33147,441.22449
1988-10-01,558.19367,441.63265
1988-11-01,560.05587,442.04082
1988-12-01,561.91806,444.89796
1989-01-01,564.24581,451.02041
1989-02-01,566.10801,452.24490
1989-03-01,568.90130,455.10204
1989-04-01,573.09125,458.36735
1989-05-01,575.88454,462.04082
1989-06-01,577.74674,460.81633
1989-07-01,579.60894,460.40816
1989-08-01,579.60894,457.14286
1989-09-01,581.00559,458.77551
1989-10-01,583.79888,460.40816
1989-11-01,586.12663,460.00000
1989-12-01,587.98883,461.22449
1990-01-01,593.57542,468.97959
1990-02-01,595.90317,466.93878
1990-03-01,598.69646,466.12245
1990-04-01,600.09311,465.71429
1990-05-01,601.02421,467.75510
1990-06-01,604.74860,466.53061
1990-07-01,607.54190,467.34694
1990-08-01,612.66294,475.51020
1990-09-01,616.85289,483.26531
1990-10-01,621.04283,493.06122
1990-11-01,622.43948,490.20408
1990-12-01,624.76723,484.48980
1991-01-01,627.09497,485.71429
1991-02-01,627.56052,478.36735
1991-03-01,627.56052,474.28571
1991-04-01,628.95717,473.46939
1991-05-01,631.28492,475.51020
1991-06-01,633.14711,475.10204
1991-07-01,634.07821,473.87755
1991-08-01,635.94041,474.28571
1991-09-01,637.80261,473.87755
1991-10-01,638.73371,475.10204
1991-11-01,641.52700,475.10204
1991-12-01,643.38920,473.06122
1992-01-01,643.85475,471.83673
1992-02-01,645.25140,473.46939
1992-03-01,647.57914,473.87755
1992-04-01,648.97579,474.69388
1992-05-01,650.37244,478.36735
1992-06-01,652.23464,481.63265
1992-07-01,654.09683,481.22449
1992-08-01,655.49348,480.40816
1992-09-01,656.89013,481.63265
1992-10-01,659.68343,482.04082
1992-11-01,661.54562,480.81633
1992-12-01,662.47672,480.00000
1993-01-01,664.80447,481.63265
1993-02-01,666.20112,483.26531
1993-03-01,667.13222,484.48980
1993-04-01,669.45996,486.93878
1993-05-01,671.32216,488.57143
1993-06-01,671.78771,487.75510
1993-07-01,672.71881,486.53061
1993-08-01,674.11546,484.48980
1993-09-01,675.04655,484.48980
1993-10-01,677.83985,486.12245
1993-11-01,679.70205,485.71429
1993-12-01,681.09870,484.08163
1994-01-01,681.09870,486.12245
1994-02-01,682.96089,486.93878
1994-03-01,684.82309,488.57143
1994-04-01,685.28864,488.57143
1994-05-01,686.68529,489.38776
1994-06-01,688.54749,491.83673
1994-07-01,690.87523,492.65306
1994-08-01,693.66853,494.69388
1994-09-01,695.06518,493.87755
1994-10-01,695.53073,493.46939
1994-11-01,697.39292,495.91837
1994-12-01,698.78957,497.55102
1995-01-01,700.65177,501.63265
1995-02-01,702.51397,504.08163
1995-03-01,703.91061,505.71429
1995-04-01,706.70391,508.57143
1995-05-01,708.10056,509.79592
1995-06-01,709.49721,511.42857
1995-07-01,710.42831,511.42857
1995-08-01,711.82495,510.61224
1995-09-01,712.75605,511.02041
1995-10-01,714.61825,511.42857
1995-11-01,715.54935,511.83673
1995-12-01,716.48045,513.06122
1996-01-01,720.20484,515.51020
1996-02-01,721.60149,515.10204
1996-03-01,723.92924,515.91837
1996-04-01,726.72253,520.00000
1996-05-01,728.11918,522.85714
1996-06-01,729.51583,522.44898
1996-07-01,730.91248,522.44898
1996-08-01,731.84358,523.67347
1996-09-01,734.17132,523.26531
1996-10-01,736.49907,522.44898
1996-11-01,738.82682,523.26531
1996-12-01,740.68901,526.93878
1997-01-01,742.08566,529.38776
1997-02-01,743.48231,524.48980
1997-03-01,743.94786,519.59184
1997-04-01,744.41341,518.36735
1997-05-01,744.41341,520.00000
1997-06-01,745.81006,519.18367
1997-07-01,746.74115,517.95918
1997-08-01,748.60335,519.18367
1997-09-01,750.46555,520.40816
1997-10-01,751.86220,521.63265
1997-11-01,752.79330,522.04082
1997-12-01,753.25885,517.55102
1998-01-01,754.18994,511.83673
1998-02-01,754.18994,510.20408
1998-03-01,754.18994,508.97959
1998-04-01,755.12104,509.79592
1998-05-01,756.98324,510.61224
1998-06-01,757.91434,509.38776
1998-07-01,759.77654,509.79592
1998-08-01,760.70764,506.93878
1998-09-01,761.17318,505.30612
1998-10-01,763.03538,506.12245
1998-11-01,763.96648,504.48980
1998-12-01,765.36313,501.22449
1999-01-01,766.75978,501.63265
1999-02-01,766.75978,499.18367
1999-03-01,767.22533,500.40816
1999-04-01,772.34637,504.48980
1999-05-01,772.81192,508.97959
1999-06-01,772.81192,511.02041
1999-07-01,776.07076,513.06122
1999-08-01,777.93296,517.95918
1999-09-01,781.19181,522.44898
1999-10-01,782.58845,521.22449
1999-11-01,783.98510,523.67347
1999-12-01,785.84730,521.63265
2000-01-01,788.17505,523.67347
2000-02-01,791.43389,529.79592
2000-03-01,796.08939,533.87755
2000-04-01,795.62384,533.46939
2000-05-01,797.02048,537.14286
2000-06-01,801.67598,546.12245
2000-07-01,804.00372,545.71429
2000-08-01,804.00372,542.44898
2000-09-01,808.19367,549.79592
2000-10-01,809.59032,552.65306
2000-11-01,810.98696,551.02041
2000-12-01,812.84916,555.91837
2001-01-01,817.50466,571.42857
2001-02-01,819.36685,560.81633
2001-03-01,819.83240,554.69388
2001-04-01,821.22905,556.73469
2001-05-01,825.41899,558.36735
2001-06-01,827.28119,553.06122
2001-07-01,825.88454,544.48980
2001-08-01,825.88454,544.48980
2001-09-01,829.14339,544.08163
2001-10-01,826.81564,531.83673
2001-11-01,826.35009,529.79592
2001-12-01,825.88454,522.85714
2002-01-01,827.28119,524.48980
2002-02-01,828.67784,524.08163
2002-03-01,831.00559,529.79592
2002-04-01,834.72998,533.87755
2002-05-01,835.66108,533.87755
2002-06-01,836.12663,534.28571
2002-07-01,837.98883,535.51020
2002-08-01,840.31657,536.73469
2002-09-01,841.71322,540.00000
2002-10-01,843.57542,543.67347
2002-11-01,844.97207,543.26531
2002-12-01,846.36872,542.44898
2003-01-01,850.09311,552.24490
2003-02-01,854.74860,561.63265
2003-03-01,856.14525,576.32653
2003-04-01,852.88641,558.36735
2003-05-01,851.48976,557.95918
2003-06-01,852.42086,563.26531
2003-07-01,855.21415,562.04082
2003-08-01,858.93855,563.26531
2003-09-01,861.73184,565.30612
2003-10-01,860.80074,568.57143
2003-11-01,861.26629,566.93878
2003-12-01,863.59404,569.38776
2004-01-01,867.31844,577.14286
2004-02-01,869.18063,580.00000
2004-03-01,871.04283,584.08163
2004-04-01,872.43948,591.02041
2004-05-01,876.16387,599.18367
2004-06-01,879.42272,600.81633
2004-07-01,880.35382,601.63265
2004-08-01,880.81937,604.08163
2004-09-01,883.61266,602.85714
2004-10-01,888.26816,612.24490
2004-11-01,892.45810,617.95918
2004-12-01,892.45810,613.06122
2005-01-01,891.99255,615.91837
2005-02-01,895.71695,618.77551
2005-03-01,898.97579,627.34694
2005-04-01,901.76909,632.65306
2005-05-01,901.30354,629.79592
2005-06-01,901.76909,629.79592
2005-07-01,907.35568,637.95918
2005-08-01,912.94227,643.26531
2005-09-01,925.51210,662.04082
2005-10-01,926.90875,678.36735
2005-11-01,922.25326,668.16327
2005-12-01,922.25326,665.30612
2006-01-01,927.83985,670.61224
2006-02-01,928.30540,660.40816
2006-03-01,929.70205,662.04082
2006-04-01,934.35754,670.61224
2006-05-01,937.15084,676.73469
2006-06-01,939.47858,677.95918
2006-07-01,944.59963,680.81633
2006-08-01,948.78957,685.30612
2006-09-01,944.13408,675.10204
2006-10-01,939.94413,662.04082
2006-11-01,940.40968,671.83673
2006-12-01,945.53073,675.91837
2007-01-01,947.09963,669.38776
2007-02-01,950.77281,680.81633
2007-03-01,955.71695,691.02041
2007-04-01,958.58473,699.59184
2007-05-01,962.54655,707.34694
2007-06-01,964.77654,709.38776
2007-07-01,966.49441,714.69388
2007-08-01,966.79236,703.67347
2007-09-01,970.88920,708.16327
2007-10-01,973.88268,713.06122
2007-11-01,981.53631,730.61224
2007-12-01,984.38082,728.97959
2008-01-01,987.77467,738.77551
2008-02-01,990.16294,745.71429
2008-03-01,993.70577,766.93878
2008-04-01,996.00559,779.18367
2008-05-01,1001.89944,802.44898
2008-06-01,1012.39758,818.36735
2008-07-01,1019.62756,838.77551
2008-08-01,1018.10987,812.24490
2008-09-01,1018.98045,803.67347
2008-10-01,1010.21881,760.81633
2008-11-01,992.33240,721.63265
2008-12-01,984.16201,697.55102
2009-01-01,986.65270,698.77551
2009-02-01,990.24674,691.02041
2009-03-01,989.26909,686.12245
2009-04-01,990.26536,690.20408
2009-05-01,991.72253,697.14286
2009-06-01,999.95345,710.61224
2009-07-01,999.65549,704.08163
2009-08-01,1003.00279,714.28571
2009-09-01,1004.93948,710.61224
2009-10-01,1007.95624,715.10204
2009-11-01,1011.33147,724.08163
2009-12-01,1011.85754,726.93878
2010-01-01,1012.51397,742.44898
2010-02-01,1011.55028,738.77551
2010-03-01,1011.88547,748.16327
2010-04-01,1012.11825,752.65306
2010-05-01,1011.59218,754.28571
2010-06-01,1011.16853,748.97959
2010-07-01,1013.05866,751.42857
2010-08-01,1014.53911,754.69388
2010-09-01,1016.17784,754.69388
2010-10-01,1019.71601,761.63265
2010-11-01,1022.29981,766.12245
2010-12-01,1026.40596,774.28571
2011-01-01,1029.73464,786.53061
2011-02-01,1033.04469,799.18367
2011-03-01,1038.38920,813.06122
2011-04-01,1043.26350,828.97959
2011-05-01,1046.58287,833.06122
2011-06-01,1046.58287,832.24490
2011-07-01,1049.32495,835.10204
2011-08-01,1052.63501,829.38776
2011-09-01,1054.92086,831.42857
2011-10-01,1055.63315,820.81633
2011-11-01,1057.58380,822.04082
2011-12-01,1057.83520,815.51020
2012-01-01,1060.71695,819.18367
2012-02-01,1062.98417,822.85714
2012-03-01,1065.20950,833.46939
2012-04-01,1066.97858,831.42857
2012-05-01,1064.77188,824.08163
2012-06-01,1063.89199,815.51020
2012-07-01,1064.19926,816.73469
2012-08-01,1070.38175,827.34694
2012-09-01,1075.48883,834.28571
2012-10-01,1078.38920,830.61224
2012-11-01,1076.57821,823.67347
2012-12-01,1076.44786,822.44898
2013-01-01,1078.58007,826.53061
2013-02-01,1084.43669,833.87755
2013-03-01,1081.38734,832.65306
2013-04-01,1079.12942,830.61224
2013-05-01,1079.57635,833.06122
2013-06-01,1082.14618,833.87755
2013-07-01,1084.26443,834.28571
2013-08-01,1086.85289,833.46939
2013-09-01,1087.26257,832.24490
2013-10-01,1087.84451,826.53061
2013-11-01,1089.85102,821.22449
2013-12-01,1092.73277,824.48980
2014-01-01,1095.38175,831.83673
2014-02-01,1096.58752,839.59184
2014-03-01,1098.82682,844.89796
2014-04-01,1100.87523,850.20408
2014-05-01,1102.97020,848.97959
2014-06-01,1104.42737,850.20408
2014-07-01,1105.67039,848.97959
2014-08-01,1105.49348,844.89796
2014-09-01,1105.57263,842.44898
2014-10-01,1105.35382,830.20408
2014-11-01,1103.27281,820.00000
2014-12-01,1099.86965,804.08163
2015-01-01,1092.86313,783.67347
2015-02-01,1095.63315,780.00000
2015-03-01,1098.58473,781.63265
2015-04-01,1099.72998,779.18367
2015-05-01,1103.35661,789.38776
2015-06-01,1106.41061,795.10204
2015-07-01,1108.16574,791.42857
2015-08-01,1108.16108,783.26531
2015-09-01,1105.67039,771.83673
2015-10-01,1106.76443,765.30612
2015-11-01,1108.08659,757.95918
2015-12-01,1106.89479,748.97959
2016-01-01,1106.38734,745.30612
2016-02-01,1104.91620,740.00000
2016-03-01,1108.37989,743.26531
2016-04-01,1112.62570,747.75510
2016-05-01,1115.25605,756.32653
2016-06-01,1118.35196,765.71429
2016-07-01,1117.78864,766.12245
2016-08-01,1119.85568,761.63265
2016-09-01,1122.79330,762.85714
2016-10-01,1125.42365,762.04082
2016-11-01,1126.75047,760.40816
2016-12-01,1129.59497,768.16327
2017-01-01,1134.16201,778.36735
2017-02-01,1135.96834,782.04082
2017-03-01,1135.43762,781.63265
2017-04-01,1136.83892,787.75510
2017-05-01,1135.95903,786.93878
2017-06-01,1136.69926,790.20408
2017-07-01,1137.07169,789.79592
2017-08-01,1141.44786,791.02041
2017-09-01,1147.27654,795.10204
2017-10-01,1148.16574,795.51020
2017-11-01,1151.22905,799.59184
2017-12-01,1153.65456,801.22449
2018-01-01,1158.56145,807.75510
2018-02-01,1161.68063,813.46939
2018-03-01,1161.90410,813.46939
2018-04-01,1164.93017,817.55102
2018-05-01,1167.56052,829.38776
2018-06-01,1168.61266,833.46939
2018-07-01,1169.52514,833.87755
2018-08-01,1171.61546,830.20408
2018-09-01,1174.03166,831.02041
2018-10-01,1176.77840,835.10204
2018-11-01,1175.94972,825.71429
2018-12-01,1176.75512,820.40816
2019-01-01,1175.79609,812.65306
2019-02-01,1179.32495,813.06122
2019-03-01,1183.78492,819.59184
2019-04-01,1188.23557,824.89796
2019-05-01,1188.52886,823.26531
2019-06-01,1188.14246,817.55102
2019-07-01,1190.88454,819.18367
2019-08-01,1191.97393,813.06122
2019-09-01,1193.80819,809.79592
2019-10-01,1197.18343,810.61224
2019-11-01,1200.55400,812.24490
2019-12-01,1204.05028,812.24490
2020-01-01,1205.33520,813.46939
2020-02-01,1206.91806,802.85714
2020-03-01,1201.81564,788.16327
2020-04-01,1192.39292,757.14286
2020-05-01,1191.09870,769.79592
2020-06-01,1196.48045,780.40816
2020-07-01,1203.01676,787.75510
2020-08-01,1207.47672,793.06122
2020-09-01,1210.20019,797.95918
2020-10-01,1211.58752,802.04082
2020-11-01,1214.59497,809.38776
2020-12-01,1219.76257,818.36735
2021-01-01,1222.15084,835.91837
2021-02-01,1227.10894,859.59184
2021-03-01,1233.28678,877.55102
2021-04-01,1241.86220,889.38776
2021-05-01,1249.77654,917.95918
2021-06-01,1260.07449,934.28571
2021-07-01,1266.26629,946.32653
2021-08-01,1269.96741,952.71429
2021-09-01,1275.07914,961.95102
2021-10-01,1286.93669,981.48980
2021-11-01,1297.94693,993.00816
2021-12-01,1307.29981,985.05306
2022-01-01,1314.66480,1005.93061
2022-02-01,1324.65084,1031.26531
2022-03-01,1338.70112,1061.28163
2022-04-01,1344.33892,1082.89796
2022-05-01,1356.41993,1115.31020
2022-06-01,1373.35196,1143.88163
2022-07-01,1373.26350,1111.32245
2022-08-01,1374.34358,1100.18776
2022-09-01,1379.61359,1093.46122
2022-10-01,1386.69926,1081.88163
2022-11-01,1390.35382,1074.11020
2022-12-01,1391.11732,1052.64082
2023-01-01,1398.30540,1062.15102
2023-02-01,1403.67318,1055.79184
2023-03-01,1404.76723,1049.23265
2023-04-01,1410.76350,1048.60408
2023-05-01,1412.31378,1035.38776
2023-06-01,1415.28399,1036.16327
2023-07-01,1418.19367,1036.06122
2023-08-01,1425.45158,1051.75510
2023-09-01,1430.57728,1056.87347
2023-10-01,1431.70857,1041.60000
2023-11-01,1434.00372,1032.06531
2023-12-01,1437.34637,1019.86122
2024-01-01,1441.73650,1025.73878
2024-02-01,1448.10987,1040.46531
2024-03-01,1453.58473,1041.28980
2024-04-01,1458.13315,1049.60408
2024-05-01,1458.21695,1040.69796
